{"20MICRONS": [-0.29572558632580837, 8.546930050279208, 14.056313794496518, 1.812656314261285, 14.170867752108094, 9.88071942055116, 6.012166396922062, 12.558770885346089, 7.319925373785329, 2.6181908582765168], "21STCENMGM": [11.45484552924081, 12.156076701272116, 5.1673356928937615, 12.8691902181498, 13.254420367727882, 9.329184532671164, 12.05129096271872, 2.3912030619827522, 2.394280445105492, 2.478370943965855], "360ONE": [9.409938994920573, 10.823879751591887, -3.706787210154645, 0.853943431688573, 13.369530861535733, 5.715998139499687, 3.137355119872156, 1.5050025033852776, 9.163166976967766, -0.5925835172498051], "3IINFOLTD": [4.78937996577878, 4.3901930716570625, 5.489475492023994, -0.22707197193659656, -1.8505375810222868, -2.0015209722404936, 10.475474023875018, 10.511809979692453, 4.105929632967424, -3.672363904687961], "3MINDIA": [-3.5311864688557404, -1.895878318539752, -0.9014582543638809, 8.039944877119654, 2.632747964233088, 2.858741627014254, 10.29572429957203, 7.474241893258808, 12.810105597678142, -4.331510509572967], "3PLAND": [13.613439973244986, 3.590772031866127, 8.643025246675366, 4.42798560823967, 13.923989649798735, -1.8682917452296044, 10.377451571115788, -1.5299777283477378, 12.671507870940484, 3.8190072924731524], "5PAISA": [7.075237249686797, 12.892844852533052, 8.365966816008982, 1.9713552179048799, -3.3594245247890253, -4.935601846861443, 1.4967035728257683, 13.821520455394907, 12.03145724471986, -2.3185561684103972], "63MOONS": [11.537323297409895, 6.183400070307455, -1.664222007769549, 6.85480099992593, 8.657901785445482, 3.181468213977464, -4.387883147169376, -4.9689962713604, -0.23752853026384635, -4.081931921827193], "A2ZINFRA": [2.489295688969193, -2.412124682243759, -1.2068494351506431, 10.099671021170995, -4.599065864609216, 7.039098104136361, 1.3664390547414644, 9.802674437271078, -3.396454732870977, -2.4478155148259395], "AAATECH": [13.784255191760622, 8.815396642080993, 12.08677989255444, -1.872028856292347, 14.123825321180107, 3.2501564393350524, 4.072709126504252, 4.880650906101831, 10.909321720928691, 4.893830240819295], "AADHARHFC": [2.458859818944081, 10.40349454863838, 6.020627624009535, 3.5893979325763006, -2.080346680411731, -1.9866625837341156, 8.971333545176298, 1.2861061602419754, -1.4759402493280604, 14.505248529678468], "AAKASH": [2.053213943492816, 0.02494918912346833, 9.116333113775497, 9.575684241749908, 12.55893368945198, 4.0198166982921, 13.33670014996093, 6.697796052083254, 12.235130491695493, 1.2025876293032294], "AAREYDRUGS": [-1.376319166052964, 2.869687333444615, 13.512887785368282, -0.19575324722839849, 11.309506378383656, 14.80544410459699, 3.0952403901135774, 0.014158815767975064, -0.16077710823353186, -1.4710131301677487], "AARNAV": [10.200894679944913, 11.476808546613906, 9.307790236482854, -0.5382820438365599, 6.5014552956621685, -3.3443528176568327, 11.602878931269956, 9.315003156446544, 13.167774835328416, 5.577966000118195], "AARON": [6.054899719485256, -0.6669639475464795, 5.162999716231342, -3.6976365369904274, 6.985428585713308, 5.458390053395355, -0.6845692822907878, 2.792145801089198, -3.0942403416647557, 14.254465411679284], "AARTECH": [9.584165447013802, 6.481777395485208, 10.89745148285813, -3.1081500491220226, -2.306125476043368, -2.0724352522616885, 1.509625277446438, -0.9488549527628098, 14.045395559872304, 13.186567308678459], "AARTIDRUGS": [9.50598937089139, -0.12387041027815737, 1.4851577355596994, -2.026728367209727, 5.356871586923255, -3.126969038727221, -0.59188456902368, -3.1993680477436737, 14.91194848599179, 12.51591754000782], "AARTIIND": [13.156676426007454, 14.34969190715169, 6.947969348183069, 4.493783169773515, 7.361777190797882, 0.15101364160857056, -2.6242451563774427, 2.3515555162635167, -4.2117537766067485, 13.173903820553619], "AARTIPHARM": [0.3643881749855593, 10.181820373598098, 5.2443928616776105, -4.900442680267842, -4.350215067739711, 8.514122192893542, 6.213017417508999, -3.2199284731240763, -2.4366677196828834, -3.347571600104078], "AARTISURF": [11.729010755511752, -2.187811969868505, 11.806531337564095, 12.040059374639224, 5.433232913132944, 9.449744280535192, 3.6843090509455116, 3.9647857241939466, 14.377992105870106, 6.535147858869756], "AARVI": [2.865699682595153, 10.882127181444247, -0.6142868144770848, 8.32684611900275, 0.7441191327222185, 13.396889592158573, 0.2620901719711881, 4.909560806872566, -2.149305114122031, 11.377170623517475], "AAVAS": [7.936144897719702, -1.6654399952171328, -3.2193014674584974, 8.811856102621025, 4.034420053673051, -2.4455574722625206, 6.621382154130963, 9.183889690760779, -3.013143986031732, 12.563308037264452], "ABB": [3.8817052263505865, 6.99752998414157, 6.500853097426461, 5.308357017194913, 13.108987799569057, -2.197563886636087, 3.2661796711704465, -4.8974790979282945, 11.399327170619781, -0.23704650327203858], "ABBOTINDIA": [9.839980603131167, 5.530681083019175, 7.149027351579242, -0.3926973691408513, 1.4154052979335763, 13.109117098317704, -1.2653472532287302, 5.597769368987834, 3.83475225214257, 11.54123730468553], "ABCAPITAL": [-2.749521986634731, 6.045069431298282, 14.79040420387322, 7.606779989696793, -3.831018743679655, 6.869299275151992, 0.4132714265882065, -4.153658105274321, -1.8821086052016045, 5.173962090732417], "ABCOTS": [-4.023743224109415, 6.934688724653114, 9.41641480715116, 8.902928775729713, 3.1882496528003728, 1.0570505256609497, 14.332884597411212, 9.898529582518814, 6.199691459931243, 12.858402532590777], "ABDL": [-2.007906800552437, 7.415234392133311, 14.038360573649204, 11.464074856929084, -1.476328292526774, 9.113016102735461, -1.5116873837929723, 14.648941431548494, 6.620960280752721, -4.468251113438968], "ABFRL": [7.718464466890943, 9.754649645110351, 7.195812118736701, 1.4450057716598526, -4.418253743518912, -3.666650835926213, 13.95209711929499, 11.824719366165038, 1.7481229000407739, 3.9539630714309215], "ABINFRA": [-4.868496435117593, 14.615284975678652, -2.5021297373942697, 4.534912718890929, 11.59335946935063, -3.697117085485482, -4.391009844736747, -0.6736326362386365, -3.356987696508007, 13.171172288524584], "ABLBL": [6.645957115671592, 5.292477559421471, 8.857015154510874, 6.5832969652088345, 0.694157632841983, 14.005383864459631, 7.828421167600899, -2.379582579543973, 11.901973520465802, -0.7025718868184594], "ABMINTLLTD": [1.6080746797848011, 4.516920813996121, -0.3941113266593437, 10.87234384741107, 8.467854376133113, -0.07397923548467578, 8.048242039860941, 12.319994840448267, 11.25692645239047, 9.68910765562342], "ABREL": [9.164978002036674, 8.887573076759354, 5.351673646126301, 6.615232083092312, -3.6759803669105495, 9.9616079246342, 11.106164184778748, 13.823159138390594, -4.84437045956277, 2.3886781538781587], "ABSLAMC": [13.465386495885692, 3.1662084129569674, 10.360361498673798, 4.2535702154925445, -0.15282619519597862, 2.3895636810254146, 0.59701043791015, 9.12163837616465, 1.3367199577498052, 3.180205406453396], "ACC": [4.995911517901392, -2.789471426393888, 14.130425247737403, 11.58236996139335, -3.654455099622025, -2.3809766465161153, 10.243746030072638, -4.369194069148994, 14.212483213660501, 5.287584342107861], "ACCELYA": [-0.6725522324023441, 7.00868366268725, 3.1240362955965644, -4.346374019432162, 1.5905897218734966, 2.256795951745765, 6.658789742381931, 5.79906130576248, -3.8039965060346037, 5.48738486226606], "ACCURACY": [1.6431922110297208, -0.09803369436223619, 5.4348570501715905, 14.559638356822152, 4.946048489999434, 9.288567529717886, 4.469585303989918, 9.043197056463654, -2.528406721066927, 2.7364190559421786], "ACE": [3.6331635673433578, -2.125778216283971, 2.796112599314567, 4.474041924123606, -3.225946450490853, 8.134201735763822, 11.399061591365495, -3.9604452185447236, 9.634371608105994, 2.9730940822383918], "ACEINTEG": [-1.279206075141417, 1.3506193550363355, 7.008867878094815, 12.92217734105413, 11.438629126443683, 13.566677546119653, -0.250967125580992, 8.82379543331098, 3.4637882487411247, -4.585998181369815],